{"cameraMode":{"drawMode":0,"name":"Shaded","section":"Shading Mode"},"sceneLighting":true,"audioPlay":false,"sceneViewState":{"m_AlwaysRefresh":false,"showFog":true,"showSkybox":true,"showFlares":true,"showImageEffects":true,"showParticleSystems":true,"showVisualEffectGraphs":true,"m_FxEnabled":true},"in2DMode":false,"pivot":{"x":-0.47767019271850588,"y":1.9732378721237183,"z":-9.90969181060791},"rotation":{"x":-0.06086808070540428,"y":0.6563758254051209,"z":-0.053317997604608539,"w":-0.7501890063285828},"size":6.773115158081055,"orthographic":true}