{"cameraMode":{"drawMode":0,"name":"Shaded","section":"Shading Mode"},"sceneLighting":true,"audioPlay":false,"sceneViewState":{"m_AlwaysRefresh":false,"showFog":true,"showSkybox":true,"showFlares":true,"showImageEffects":true,"showParticleSystems":true,"showVisualEffectGraphs":true,"m_FxEnabled":true},"in2DMode":false,"pivot":{"x":-1.3851232528686524,"y":1.6853744983673096,"z":0.4742164611816406},"rotation":{"x":0.03567570075392723,"y":0.9336830973625183,"z":-0.0969708114862442,"w":0.3431411385536194},"size":1.756488561630249,"orthographic":true}